[
  {
    "imgName": "01.png",
    "width": 331,
    "height": 357,
    "md5": "5ee2a13e05d4dbc72396b6629a8582c3",
    "labels": [
      {
        "name": "apple",
        "x0": 7,
        "x1": 322,
        "y0": 5.133331298828125,
        "y1": 340.1333312988281
      }
    ]
  },
  {
    "imgName": "02.png",
    "width": 346,
    "height": 224,
    "md5": "0c84e5b3551233739f02022d7ace1cac",
    "labels": [
      {
        "name": "apple",
        "x0": 8,
        "x1": 175,
        "y0": 28.133331298828125,
        "y1": 208.13333129882812
      },
      {
        "name": "apple",
        "x0": 211,
        "x1": 344,
        "y0": 23.133331298828125,
        "y1": 186.13333129882812
      }
    ]
  },
  {
    "imgName": "06.png",
    "width": 371,
    "height": 331,
    "md5": "13bae1aaa5ae199c94b2bfeecdea64c5",
    "labels": [
      {
        "name": "banana",
        "x0": 3,
        "x1": 327,
        "y0": 5.133331298828125,
        "y1": 312.1333312988281
      }
    ]
  },
  {
    "imgName": "15.png",
    "width": 247,
    "height": 323,
    "md5": "edebe480ad7dc72abdf959df53fd3385",
    "labels": [
      {
        "name": "banana",
        "x0": 9,
        "x1": 209,
        "y0": 7.133331298828125,
        "y1": 269.1333312988281
      }
    ]
  },
  {
    "imgName": "07.png",
    "width": 356,
    "height": 360,
    "md5": "f271fa62651f1135499ad01f314221c6",
    "labels": [
      {
        "name": "apple",
        "x0": 68,
        "x1": 219,
        "y0": 87.13333129882812,
        "y1": 263.1333312988281
      },
      {
        "name": "apple",
        "x0": 143,
        "x1": 324,
        "y0": 99.13333129882812,
        "y1": 272.1333312988281
      },
      {
        "name": "banana",
        "x0": 4,
        "x1": 339,
        "y0": 125.13333129882812,
        "y1": 332.1333312988281
      }
    ]
  },
  {
    "imgName": "08.png",
    "width": 332,
    "height": 417,
    "md5": "3e88de543d11408725a30d76bea715a6",
    "labels": [
      {
        "name": "apple",
        "x0": 76,
        "x1": 306,
        "y0": 135.13333129882812,
        "y1": 383.1333312988281
      }
    ]
  },
  {
    "imgName": "10.png",
    "width": 360,
    "height": 347,
    "md5": "22099c51a93a713c576d8161047263a3",
    "labels": [
      {
        "name": "apple",
        "x0": 30,
        "x1": 171,
        "y0": 106.13333129882812,
        "y1": 261.1333312988281
      },
      {
        "name": "apple",
        "x0": 159,
        "x1": 322,
        "y0": 96.13333129882812,
        "y1": 247.13333129882812
      },
      {
        "name": "banana",
        "x0": 8,
        "x1": 358,
        "y0": 157.13333129882812,
        "y1": 310.1333312988281
      }
    ]
  },
  {
    "imgName": "12.png",
    "width": 348,
    "height": 403,
    "md5": "4d0b832a381e028838988a48504f7eaf",
    "labels": [
      {
        "name": "banana",
        "x0": 6,
        "x1": 345,
        "y0": 12.133331298828125,
        "y1": 386.1333312988281
      }
    ]
  },
  {
    "imgName": "13.png",
    "width": 361,
    "height": 357,
    "md5": "598e8604a076925f7aef307d6353e730",
    "labels": [
      {
        "name": "apple",
        "x0": 4,
        "x1": 171,
        "y0": 109.13333129882812,
        "y1": 337.1333312988281
      },
      {
        "name": "banana",
        "x0": 5,
        "x1": 359,
        "y0": 49.133331298828125,
        "y1": 338.1333312988281
      }
    ]
  }
]