[
  {
    "imgName": "01.png",
    "width": 331,
    "height": 357,
    "md5": "5ee2a13e05d4dbc72396b6629a8582c3",
    "labels": [
      {
        "name": "apple",
        "x0": 7,
        "x1": 322,
        "y0": 5.133331298828125,
        "y1": 340.1333312988281
      }
    ]
  },
  {
    "imgName": "02.png",
    "width": 346,
    "height": 224,
    "md5": "0c84e5b3551233739f02022d7ace1cac",
    "labels": [
      {
        "name": "apple",
        "x0": 8,
        "x1": 175,
        "y0": 28.133331298828125,
        "y1": 208.13333129882812
      },
      {
        "name": "apple",
        "x0": 211,
        "x1": 344,
        "y0": 23.133331298828125,
        "y1": 186.13333129882812
      }
    ]
  },
  {
    "imgName": "06.png",
    "width": 371,
    "height": 331,
    "md5": "13bae1aaa5ae199c94b2bfeecdea64c5",
    "labels": [
      {
        "name": "banana",
        "x0": 3,
        "x1": 327,
        "y0": 5.133331298828125,
        "y1": 312.1333312988281
      }
    ]
  },
  {
    "imgName": "15.png",
    "width": 247,
    "height": 323,
    "md5": "edebe480ad7dc72abdf959df53fd3385",
    "labels": [
      {
        "name": "banana",
        "x0": 9,
        "x1": 209,
        "y0": 7.133331298828125,
        "y1": 269.1333312988281
      }
    ]
  },
  {
    "imgName": "07.png",
    "width": 356,
    "height": 360,
    "md5": "f271fa62651f1135499ad01f314221c6",
    "labels": [
      {
        "name": "apple",
        "x0": 68,
        "x1": 219,
        "y0": 87.13333129882812,
        "y1": 263.1333312988281
      },
      {
        "name": "apple",
        "x0": 143,
        "x1": 324,
        "y0": 99.13333129882812,
        "y1": 272.1333312988281
      },
      {
        "name": "banana",
        "x0": 4,
        "x1": 339,
        "y0": 125.13333129882812,
        "y1": 332.1333312988281
      }
    ]
  },
  {
    "imgName": "08.png",
    "width": 332,
    "height": 417,
    "md5": "3e88de543d11408725a30d76bea715a6",
    "labels": [
      {
        "name": "apple",
        "x0": 76,
        "x1": 306,
        "y0": 135.13333129882812,
        "y1": 383.1333312988281
      }
    ]
  },
  {
    "imgName": "10.png",
    "width": 360,
    "height": 347,
    "md5": "22099c51a93a713c576d8161047263a3",
    "labels": [
      {
        "name": "apple",
        "x0": 30,
        "x1": 171,
        "y0": 106.13333129882812,
        "y1": 261.1333312988281
      },
      {
        "name": "apple",
        "x0": 159,
        "x1": 322,
        "y0": 96.13333129882812,
        "y1": 247.13333129882812
      },
      {
        "name": "banana",
        "x0": 8,
        "x1": 358,
        "y0": 157.13333129882812,
        "y1": 310.1333312988281
      }
    ]
  },
  {
    "imgName": "12.png",
    "width": 348,
    "height": 403,
    "md5": "4d0b832a381e028838988a48504f7eaf",
    "labels": [
      {
        "name": "banana",
        "x0": 6,
        "x1": 345,
        "y0": 12.133331298828125,
        "y1": 386.1333312988281
      }
    ]
  },
  {
    "imgName": "13.png",
    "width": 361,
    "height": 357,
    "md5": "598e8604a076925f7aef307d6353e730",
    "labels": [
      {
        "name": "apple",
        "x0": 4,
        "x1": 171,
        "y0": 109.13333129882812,
        "y1": 337.1333312988281
      },
      {
        "name": "banana",
        "x0": 5,
        "x1": 359,
        "y0": 49.133331298828125,
        "y1": 338.1333312988281
      }
    ]
  },
  {
    "imgName": "05.png",
    "width": 242,
    "height": 306,
    "md5": "4c4d2fa8eee01428246ed03445f70995",
    "labels": [
      {
        "name": "banana",
        "x0": 17,
        "x1": 229,
        "y0": 10.133331298828125,
        "y1": 301.1333312988281
      }
    ]
  },
  {
    "imgName": "09.png",
    "width": 354,
    "height": 352,
    "md5": "337258d8788587c9a231b145d609f3a3",
    "labels": [
      {
        "name": "banana",
        "x0": 21,
        "x1": 352,
        "y0": 47.133331298828125,
        "y1": 296.1333312988281
      },
      {
        "name": "apple",
        "x0": 139,
        "x1": 277,
        "y0": 53.133331298828125,
        "y1": 198.13333129882812
      }
    ]
  },
  {
    "imgName": "11.png",
    "width": 342,
    "height": 405,
    "md5": "0fd9deb93e35184eb979722818887afd",
    "labels": [
      {
        "name": "apple",
        "x0": 124,
        "x1": 299,
        "y0": 2.133331298828125,
        "y1": 146.13333129882812
      },
      {
        "name": "apple",
        "x0": 14,
        "x1": 319,
        "y0": 85.13333129882812,
        "y1": 382.1333312988281
      }
    ]
  },
  {
    "imgName": "16.png",
    "width": 423,
    "height": 434,
    "md5": "5e9ca4432dbccf4a1355bc522bf04148",
    "labels": [
      {
        "name": "apple",
        "x0": 20,
        "y0": 14,
        "x1": 354,
        "y1": 379
      }
    ]
  },
  {
    "imgName": "17.png",
    "width": 268,
    "height": 305,
    "md5": "3972b0dbce2119084503fb401490a518",
    "labels": [
      {
        "name": "apple",
        "x0": 16,
        "y0": 12,
        "x1": 262,
        "y1": 287
      }
    ]
  },
  {
    "imgName": "29.png",
    "width": 340,
    "height": 308,
    "md5": "b5e7568ccbe3592b9515ef6e11d1e693",
    "labels": [
      {
        "name": "apple",
        "x0": 183,
        "y0": 35,
        "x1": 307,
        "y1": 177
      },
      {
        "name": "apple",
        "x0": 251,
        "y0": 71,
        "x1": 340,
        "y1": 240
      },
      {
        "name": "banana",
        "x0": 108,
        "y0": 50,
        "x1": 254,
        "y1": 242
      }
    ]
  },
  {
    "imgName": "18.png",
    "width": 316,
    "height": 251,
    "md5": "20660aa70ae8164ac9b6f323b43ae2ee",
    "labels": [
      {
        "name": "apple",
        "x0": 56,
        "y0": 38,
        "x1": 206,
        "y1": 157
      }
    ]
  },
  {
    "imgName": "19.png",
    "width": 307,
    "height": 359,
    "md5": "64e5b0d4ca2caf81395aa0cae024ac53",
    "labels": [
      {
        "name": "apple",
        "x0": 21,
        "y0": 27,
        "x1": 267,
        "y1": 289
      }
    ]
  },
  {
    "imgName": "20.png",
    "width": 350,
    "height": 332,
    "md5": "c1c2ab09049f1ea1acca5386b2f714cf",
    "labels": [
      {
        "name": "apple",
        "x0": 56,
        "y0": 50,
        "x1": 281,
        "y1": 263
      }
    ]
  },
  {
    "imgName": "28.png",
    "width": 439,
    "height": 293,
    "md5": "d1cedd5b4430a4aa29cc6e7721c1f21d",
    "labels": [
      {
        "name": "apple",
        "x0": 58,
        "y0": 105,
        "x1": 176,
        "y1": 220
      },
      {
        "name": "apple",
        "x0": 144,
        "y0": 64,
        "x1": 228,
        "y1": 152
      },
      {
        "name": "banana",
        "x0": 218,
        "y0": 39,
        "x1": 392,
        "y1": 182
      }
    ]
  },
  {
    "imgName": "30.png",
    "width": 342,
    "height": 320,
    "md5": "0169ebbfce63c734274c9aa30266da10",
    "labels": [
      {
        "name": "banana",
        "x0": 39,
        "y0": 8,
        "x1": 311,
        "y1": 292
      },
      {
        "name": "apple",
        "x0": 42,
        "y0": 137,
        "x1": 177,
        "y1": 286
      }
    ]
  },
  {
    "imgName": "21.png",
    "width": 365,
    "height": 388,
    "md5": "fd151abbeaa2912f8cfa7776086409cc",
    "labels": [
      {
        "name": "banana",
        "x0": 8,
        "y0": 6,
        "x1": 359,
        "y1": 360
      }
    ]
  },
  {
    "imgName": "22.png",
    "width": 347,
    "height": 409,
    "md5": "fb06ec68b3acc5f9e04487871da4e8d8",
    "labels": [
      {
        "name": "banana",
        "x0": 3,
        "y0": 5,
        "x1": 337,
        "y1": 374
      }
    ]
  },
  {
    "imgName": "26.png",
    "width": 480,
    "height": 460,
    "md5": "9f7ed93925ed3a0decc39916a8d3b2c6",
    "labels": [
      {
        "name": "banana",
        "x0": 47,
        "y0": 39,
        "x1": 459,
        "y1": 440
      },
      {
        "name": "apple",
        "x0": 13,
        "y0": 91,
        "x1": 273,
        "y1": 371
      }
    ]
  },
  {
    "imgName": "23.png",
    "width": 535,
    "height": 596,
    "md5": "f1c3b700de9059dd586d87753e84c535",
    "labels": [
      {
        "name": "banana",
        "x0": 7,
        "y0": 16,
        "x1": 526,
        "y1": 580
      }
    ]
  },
  {
    "imgName": "24.png",
    "width": 546,
    "height": 545,
    "md5": "7f4d8031e0228fb443e738f5f7f54ebd",
    "labels": [
      {
        "name": "banana",
        "x0": 36,
        "y0": 18,
        "x1": 500,
        "y1": 493
      }
    ]
  },
  {
    "imgName": "25.png",
    "width": 546,
    "height": 573,
    "md5": "b3cf260a20dd81f8234a6778bc747dbc",
    "labels": [
      {
        "name": "banana",
        "x0": 16,
        "y0": 23,
        "x1": 523,
        "y1": 494
      }
    ]
  },
  {
    "imgName": "27.png",
    "width": 505,
    "height": 526,
    "md5": "5d2f0a3d16dd47a54afe1a8f2b55cc53",
    "labels": [
      {
        "name": "banana",
        "x0": 118,
        "y0": 33,
        "x1": 490,
        "y1": 485
      },
      {
        "name": "apple",
        "x0": 14,
        "y0": 99,
        "x1": 372,
        "y1": 458
      }
    ]
  },
  {
    "imgName": "31.png",
    "width": 324,
    "height": 225,
    "md5": "39360e718ecf41aff03139888dc313d8",
    "labels": [
      {
        "name": "banana",
        "x0": 2,
        "y0": 18,
        "x1": 320,
        "y1": 217
      }
    ]
  },
  {
    "imgName": "32.png",
    "width": 276,
    "height": 251,
    "md5": "f1e93745303c9dab04840096a9b38ec8",
    "labels": [
      {
        "name": "banana",
        "x0": 4,
        "y0": 6,
        "x1": 244,
        "y1": 234
      }
    ]
  },
  {
    "imgName": "33.png",
    "width": 253,
    "height": 289,
    "md5": "61a7329cebd045a55009fe09e6a713a5",
    "labels": [
      {
        "name": "banana",
        "x0": 10,
        "y0": 15,
        "x1": 248,
        "y1": 276
      }
    ]
  },
  {
    "imgName": "34.png",
    "width": 275,
    "height": 265,
    "md5": "36bdf85ca52df511d1be7ebf1935dc57",
    "labels": [
      {
        "name": "banana",
        "x0": 2,
        "y0": 1,
        "x1": 225,
        "y1": 265
      }
    ]
  },
  {
    "imgName": "38.png",
    "width": 657,
    "height": 755,
    "md5": "2173eca204b391ccd66514a3fded5519",
    "labels": [
      {
        "name": "banana",
        "x0": 9,
        "y0": 72,
        "x1": 590,
        "y1": 657
      }
    ]
  },
  {
    "imgName": "40.png",
    "width": 667,
    "height": 726,
    "md5": "eb8f8e40cc602aa60c21ffb0738bba82",
    "labels": [
      {
        "name": "banana",
        "x0": 8,
        "y0": 31,
        "x1": 667,
        "y1": 628
      }
    ]
  },
  {
    "imgName": "35.png",
    "width": 658,
    "height": 687,
    "md5": "f8ae3aa7fc68a9548a9f8e9935da8b58",
    "labels": [
      {
        "name": "banana",
        "x0": 3,
        "y0": 7,
        "x1": 644,
        "y1": 648
      }
    ]
  },
  {
    "imgName": "39.png",
    "width": 637,
    "height": 593,
    "md5": "a3749d077fe011384db9b08d62733eec",
    "labels": [
      {
        "name": "banana",
        "x0": 36,
        "y0": 237,
        "x1": 515,
        "y1": 423
      }
    ]
  },
  {
    "imgName": "36.png",
    "width": 662,
    "height": 708,
    "md5": "a7a74ede611bc38452a63885c283cc60",
    "labels": [
      {
        "name": "banana",
        "x0": 6,
        "y0": 17,
        "x1": 647,
        "y1": 666
      }
    ]
  },
  {
    "imgName": "37.png",
    "width": 667,
    "height": 762,
    "md5": "05f408267bf37047607109df539544e0",
    "labels": [
      {
        "name": "banana",
        "x0": 6,
        "y0": 54,
        "x1": 667,
        "y1": 672
      }
    ]
  }
]